{"cameraMode":{"drawMode":0,"name":"Shaded","section":"Shading Mode"},"sceneLighting":true,"audioPlay":false,"sceneViewState":{"m_AlwaysRefresh":false,"showFog":true,"showSkybox":true,"showFlares":true,"showImageEffects":true,"showParticleSystems":true,"showVisualEffectGraphs":true,"m_FxEnabled":true},"in2DMode":false,"pivot":{"x":41.37076950073242,"y":190.9164581298828,"z":-349.2015380859375},"rotation":{"x":-0.23501776158809663,"y":-0.022438550367951394,"z":0.0054240101017057899,"w":-0.9716747403144836},"size":202.25706481933595,"orthographic":false}