{"cameraMode":{"drawMode":0,"name":"Shaded","section":"Shading Mode"},"sceneLighting":true,"audioPlay":false,"sceneViewState":{"m_AlwaysRefresh":false,"showFog":true,"showSkybox":true,"showFlares":true,"showImageEffects":true,"showParticleSystems":true,"showVisualEffectGraphs":true,"m_FxEnabled":true},"in2DMode":false,"pivot":{"x":21.546466827392579,"y":3.9484493732452394,"z":-1.446088433265686},"rotation":{"x":-0.016825120896100999,"y":-0.7511659860610962,"z":-0.019157886505126954,"w":0.6596186757087708},"size":12.12435531616211,"orthographic":false}